sprite,alpha_width_px,alpha_height_px,ppu,body_width_cm,body_height_cm,render_min_x,render_min_y,render_min_z,render_max_x,render_max_y,render_max_z
S_Player_Idle_Down,230,438,3.400000,44.647060,140.000000,-33.823527,-0.500000,0.000000,33.823527,0.500000,128.823522
S_Player_Idle_DownRight,206,438,3.400000,39.988235,140.000000,-30.294116,-0.500000,0.000000,30.294116,0.500000,128.823522
S_Player_Idle_Up,232,429,3.330137,45.980091,140.000000,-34.833400,-0.500000,0.000000,34.833400,0.500000,128.823523
S_Player_Walk_DownLeft_01,202,438,3.400000,39.211765,140.000000,-29.705881,-0.500000,0.000000,29.705881,0.500000,128.823522
S_Player_Walk_DownLeft_02,194,433,3.361187,38.093685,140.000000,-28.858851,-0.500000,0.000000,28.858851,0.500000,128.823533
S_Player_Walk_DownRight_01,193,433,3.361187,37.897327,140.000000,-28.858851,-0.500000,0.000000,28.561337,0.500000,128.823533
S_Player_Walk_DownRight_02,203,438,3.400000,39.405880,140.000000,-29.999998,-0.500000,0.000000,29.705881,0.500000,128.823522
S_Player_Walk_Down_01,199,438,3.400000,38.629414,140.000000,-29.411763,-0.500000,0.000000,29.117645,0.500000,128.823522
S_Player_Walk_Down_02,188,434,3.368950,36.830467,140.000000,-27.901869,-0.500000,0.000000,27.901869,0.500000,128.823521
S_Player_Walk_Left_01,215,438,3.400000,41.735294,140.000000,-31.764704,-0.500000,0.000000,31.470586,0.500000,128.823522
S_Player_Walk_Left_02,202,437,3.392237,39.301495,140.000000,-29.773859,-0.500000,0.000000,29.773859,0.500000,128.823529
S_Player_Walk_Right_01,219,437,3.392237,42.609047,140.000000,-32.426975,-0.500000,0.000000,32.132185,0.500000,128.823529
S_Player_Walk_Right_02,201,438,3.400000,39.017647,140.000000,-29.705881,-0.500000,0.000000,29.411763,0.500000,128.823522
S_Player_Walk_UpLeft_01,174,438,3.400000,33.776470,140.000000,-25.588234,-0.500000,0.000000,25.588234,0.500000,128.823522
S_Player_Walk_UpLeft_02,200,437,3.392237,38.912373,140.000000,-29.479069,-0.500000,0.000000,29.479069,0.500000,128.823529
S_Player_Walk_UpRight_01,192,438,3.400000,37.270588,140.000000,-28.235292,-0.500000,0.000000,28.235292,0.500000,128.823522
S_Player_Walk_UpRight_02,198,438,3.400000,38.435295,140.000000,-29.117645,-0.500000,0.000000,29.117645,0.500000,128.823522
S_Player_Walk_Up_01,186,437,3.392237,36.188503,140.000000,-27.415534,-0.500000,0.000000,27.415534,0.500000,128.823529
S_Player_Walk_Up_02,185,438,3.400000,35.911766,140.000000,-27.352940,-0.500000,0.000000,27.058822,0.500000,128.823522
